{"loss": [0.796022891998291, 0.4420429766178131, 0.11514456570148468, 0.08043831586837769, 0.10961968451738358, 0.029231209307909012, 0.034356988966464996, 0.021642787382006645, 0.032050859183073044, 0.022234585136175156, 0.022278564050793648, 0.02092922106385231, 0.019500119611620903, 0.020375913009047508, 0.020557982847094536, 0.020313456654548645, 0.019903216511011124, 0.032700423151254654, 0.06232042610645294, 0.019046097993850708, 0.01861201785504818, 0.014671273529529572, 0.014122617430984974, 0.01430383138358593, 0.013700412586331367, 0.013549799099564552, 0.013635555282235146, 0.01843065209686756, 0.06418561935424805], "accuracy": [0.5155884623527527, 0.7387283444404602, 0.9763739705085754, 0.9846150875091553, 0.9765264987945557, 0.9900764226913452, 0.9937428832054138, 0.991446316242218, 0.9885902404785156, 0.9913954734802246, 0.9913881421089172, 0.9930052757263184, 0.9930814504623413, 0.9929798245429993, 0.9937282800674438, 0.9929687976837158, 0.9930087924003601, 0.9907305240631104, 0.987271249294281, 0.9937900900840759, 0.9937864542007446, 0.9922675490379333, 0.9930051565170288, 0.9930269718170166, 0.9945386052131653, 0.9945458769798279, 0.9922493696212769, 0.9945494532585144, 0.9872494339942932], "val_loss": [0.6831393241882324, 0.11165919899940491, 0.11838006973266602, 0.09728913009166718, 0.11681454628705978, 0.09664881974458694, 0.08901584148406982, 0.10152561962604523, 0.07518370449542999, 0.07830226421356201, 0.0831388533115387, 0.08364453166723251, 0.0856819674372673, 0.10383643954992294, 0.1168937236070633, 0.08833885192871094, 0.1337440013885498, 0.07955937087535858, 0.07506223022937775, 0.08093272894620895, 0.09662167727947235, 0.10499831289052963, 0.11064649373292923, 0.09536588937044144, 0.09762542694807053, 0.10258112102746964, 0.09025047719478607, 0.1085444986820221, 0.0866355299949646], "val_accuracy": [0.522733211517334, 0.9764323830604553, 0.9736169576644897, 0.9765991568565369, 0.9709249138832092, 0.97860187292099, 0.9799805879592896, 0.9785946607589722, 0.9767879843711853, 0.9765702486038208, 0.9828612804412842, 0.9822734594345093, 0.9828974604606628, 0.981453537940979, 0.9783333539962769, 0.982890248298645, 0.9767297506332397, 0.9844502806663513, 0.9844430685043335, 0.984442949295044, 0.9828684329986572, 0.9828176498413086, 0.9829482436180115, 0.9844792485237122, 0.9827958345413208, 0.9802707433700562, 0.9859957695007324, 0.9800748825073242, 0.9784059524536133]}